{"MapObjects":[{"ObjectID":"Platform Move(Clone)","Position":{"x":2.1489999294281008,"y":1.5199999809265137,"z":-1.1990000009536744},"Rotation":{"x":0.0,"y":0.0,"z":0.0,"w":1.0},"Scale":{"x":4.0,"y":4.0,"z":4.0},"FinalPosition":{"x":0.0,"y":0.0,"z":0.0},"Speed":0.0}]}